<?xml version="1.0" encoding="utf-8"?>
<Ui xmlns:xsi="http://www.w3.org/2001/XMLSchema-instance" xmlns="http://www.blizzard.com/wow/ui/" xsi:schemaLocation="http://www.blizzard.com/wow/ui/
..\FrameXML\UI.xsd">

<Script file="Core.lua"/>
<Script file="Templates.lua"/>
<Script file="GUI.lua"/>
<Script file="Preview.lua"/>
<Script file="Links.lua"/>
<Script file="URL.lua"/>
<Script file="Tooltip.lua"/>
<Script file="Options.lua"/>
<Script file="Enchants.lua"/>

<Include file="Filters\Filters.xml"/>
<Include file="Sorting\Sorting.xml"/>

</Ui>